,path,target
0,JVsample/R98zY2iVrKY__387.9__404.8__.wav,sadness
1,JVsample/9C36oF8xmQU__441.8__457.5__.wav,sadness
2,JVsample/B_IVP6Gem9o__557.1__567.9__.wav,sadness
3,JVsample/1NiIVR7Tycw__352.8__367.3__.wav,sadness
4,JVsample/Iqk9EZMHauo__946.7__959.6__.wav,sadness
5,JVsample/CaIo4KK4iRs__557.3__576.8__.wav,sadness
6,JVsample/kkptysiNHTg__560.7__576.0__.wav,sadness
7,JVsample/5NNJJ_sRiZ4__547.3__566.6__.wav,sadness
8,JVsample/D_XM8QbKcM0__315.8__333.8__.wav,sadness
9,JVsample/58xZSVbpgkk__460.5__476.6__.wav,sadness
10,JVsample/a5xHn6JcDCs__473.0__488.3__.wav,sadness
11,JVsample/p4e36rwUaNI__71.0__90.7__.wav,sadness
12,JVsample/tJM30XEiqNM__249.4__268.0__.wav,sadness
13,JVsample/JSKqV7VogNE__325.3__342.9__.wav,sadness
14,JVsample/c2P1XyTZXIY__158.4__178.2__.wav,sadness
15,JVsample/JgIJwyatkqk__780.6__799.1__.wav,sadness
16,JVsample/a1cN7-Y29_g__147.6__166.1__.wav,sadness
17,JVsample/52NPU5FxMlU__598.7__613.6__.wav,sadness
18,JVsample/5glqwOFwQIk__321.9__339.1__.wav,sadness
19,JVsample/4Zhgmb89F9E__1171.5__1191.5__.wav,sadness
20,JVsample/1MgwA_PameI__824.7__838.5__.wav,sadness
21,JVsample/2-F5yoHSn5k__1000.7__1022.4__.wav,sadness
22,JVsample/irDaK5dCQ0A__400.8__416.2__.wav,sadness
23,JVsample/tY4cUqemUzw__619.6__638.0__.wav,sadness
24,JVsample/SVF080zxu_w__925.0__944.8__.wav,sadness
25,JVsample/IUIKV9XlWEM__712.8__728.6__.wav,sadness
26,JVsample/Q0D3sErl-_0__612.8__626.4__.wav,sadness
27,JVsample/afr6pAJkfzY__952.0__971.3__.wav,sadness
28,JVsample/NKchl4llX5o__764.0__778.5__.wav,sadness
29,JVsample/a1cN7-Y29_g__223.6__242.4__.wav,sadness
30,JVsample/bGNsyXT3zmI__471.3__483.6__.wav,sadness
31,JVsample/SkB1bi7a7qM__27.3__46.0__.wav,sadness
32,JVsample/b6PnID9A27Q__105.6__111.8__.wav,sadness
33,JVsample/cet4qnMRN0s__232.5__246.4__.wav,sadness
34,JVsample/wjiuXZ9znzs__567.2__585.5__.wav,sadness
35,JVsample/6CTWDc4amzU__463.2__481.6__.wav,sadness
36,JVsample/neMVR553Ezc__815.0__830.7__.wav,sadness
37,JVsample/o26R8S4PGb0__645.0__656.6__.wav,sadness
38,JVsample/sr0kR3NlTw4__903.1__917.6__.wav,sadness
39,JVsample/XlkPlKXSHAM__391.1__403.5__.wav,sadness
40,JVsample/6Oc_ImVLrFE__580.0__598.7__.wav,sadness
41,JVsample/QSHPRdTAsFo__218.7__234.3__.wav,sadness
42,JVsample/L5JwGly4lqM__1284.1__1300.9__.wav,sadness
43,JVsample/kwuUdITRhDE__951.8__969.6__.wav,sadness
44,JVsample/n4OsWcbu4zk__198.3__213.0__.wav,sadness
45,JVsample/4bWk4aiDd2U__360.7__376.8__.wav,sadness
46,JVsample/aM6ufK0DiGU__748.6__765.6__.wav,sadness
47,JVsample/msBJmcs-flY__801.3__814.8__.wav,sadness
48,JVsample/lt-DxhceR3s__887.0__899.1__.wav,sadness
49,JVsample/BQKFOc-XxPM__630.6__648.9__.wav,sadness
50,JVsample/gM0Hx4TM288__57.6__69.9__.wav,sadness
51,JVsample/_Z-SuXlzPBk__912.3__929.6__.wav,sadness
52,JVsample/w5kJww1v6CE__601.2__619.7__.wav,sadness
53,JVsample/3pCYWiHcOl8__30.3__45.0__.wav,sadness
54,JVsample/DuYkB1M5k_c__246.9__261.5__.wav,sadness
55,JVsample/R6VUbJ5qxV4__428.0__441.0__.wav,sadness
56,JVsample/wb_vx7MEO3E__202.0__218.5__.wav,sadness
57,JVsample/2QShGnPuVjQ__198.5__214.0__.wav,sadness
58,JVsample/NLj0K62CaLA__375.6__393.6__.wav,sadness
59,JVsample/6HbUHQLvrMM__23.0__33.7__.wav,sadness
60,JVsample/1MvUW1KxXTQ__1035.0__1054.2__.wav,sadness
61,JVsample/58xZSVbpgkk__760.8__778.3__.wav,sadness
62,JVsample/8szK0RCfaqc__503.3__520.7__.wav,sadness
63,JVsample/fTfyE4ZdZqY__1139.2__1144.6__.wav,sadness
64,JVsample/aM5VuhQoxE0__300.9__315.7__.wav,sadness
65,JVsample/JSKqV7VogNE__476.4__496.3__.wav,sadness
66,JVsample/TY4ckrzw8J0__466.6__490.7__.wav,sadness
67,JVsample/QSHPRdTAsFo__293.7__311.1__.wav,sadness
68,JVsample/ha6JJW2FCbc__717.2__730.7__.wav,sadness
69,JVsample/MoDtqewe5ec__1443.2__1459.6__.wav,sadness
70,JVsample/QSHPRdTAsFo__779.6__795.0__.wav,sadness
71,JVsample/uCfMCM9fkmE__829.4__843.2__.wav,sadness
72,JVsample/NLj0K62CaLA__332.4__358.1__.wav,sadness
73,JVsample/4Zhgmb89F9E__1208.8__1226.6__.wav,sadness
74,JVsample/ecQ06O823eM__878.3__899.2__.wav,sadness
75,JVsample/XPpRccGmOiI__50.1__62.7__.wav,sadness
76,JVsample/Zb451xN_G98__253.3__272.4__.wav,sadness
77,JVsample/fjZFkyy5SZY__205.1__217.0__.wav,sadness
78,JVsample/sCyVIqaYO3M__446.0__456.8__.wav,sadness
79,JVsample/lt-DxhceR3s__550.9__567.9__.wav,sadness
80,JVsample/sCyVIqaYO3M__766.5__782.9__.wav,sadness
81,JVsample/_LAQZUHMhjI__301.6__320.8__.wav,sadness
82,JVsample/8szK0RCfaqc__939.4__957.6__.wav,sadness
83,JVsample/8szK0RCfaqc__520.7__538.7__.wav,sadness
84,JVsample/LgvNB8AZTOs__959.8__968.6__.wav,sadness
85,JVsample/_Z-SuXlzPBk__214.9__223.2__.wav,sadness
86,JVsample/MoDtqewe5ec__967.3__984.4__.wav,sadness
87,JVsample/cet4qnMRN0s__778.8__794.4__.wav,sadness
88,JVsample/K_ZqMTXVbXE__461.0__480.0__.wav,sadness
89,JVsample/pViBGttej2c__792.0__812.9__.wav,sadness
90,JVsample/sR2ko2Ygg0U__556.0__575.4__.wav,sadness
91,JVsample/RIM74lYTyQM__521.2__544.4__.wav,sadness
92,JVsample/10IXdfbTA1k__755.2__772.9__.wav,sadness
93,JVsample/KJ1Yz3s8tMI__525.9__543.3__.wav,sadness
94,JVsample/5glqwOFwQIk__278.2__287.3__.wav,sadness
95,JVsample/Ho0YGH75r1U__368.8__392.4__.wav,sadness
96,JVsample/QLT_0iE9GBk__986.9__1004.4__.wav,sadness
97,JVsample/asysEhjAiqA__455.6__475.1__.wav,sadness
98,JVsample/35nuTEFSub4__854.7__873.5__.wav,sadness
99,JVsample/j5Vt1MfmQlI__552.1__568.7__.wav,sadness
100,JVsample/czzgbt_CtsQ__142.8__159.1__.wav,sadness
101,JVsample/GGs1QV0lgXM__543.8__563.2__.wav,sadness
102,JVsample/fOJCQXH8e7g__290.6__307.6__.wav,sadness
103,JVsample/PJWn-tP7s-Q__134.4__153.9__.wav,sadness
104,JVsample/a5xHn6JcDCs__111.4__127.9__.wav,sadness
105,JVsample/ZwRGuIVh5XU__801.8__820.9__.wav,sadness
106,JVsample/xMMTHI49yew__568.6__586.7__.wav,sadness
107,JVsample/9raKchKhH2k__928.5__946.1__.wav,sadness
108,JVsample/w8P1RxMjnrE__845.1__864.9__.wav,sadness
109,JVsample/j5Vt1MfmQlI__120.8__139.7__.wav,sadness
110,JVsample/0ugqou-c6is__880.3__887.7__.wav,sadness
111,JVsample/bGNsyXT3zmI__347.5__364.1__.wav,sadness
112,JVsample/Sk4JedgwClY__603.4__621.9__.wav,sadness
113,JVsample/TSEhhM1xQHU__537.6__555.4__.wav,sadness
114,JVsample/14AnXmxhHMc__288.2__304.0__.wav,sadness
115,JVsample/tJM30XEiqNM__113.3__132.0__.wav,sadness
116,JVsample/ZwRGuIVh5XU__109.5__125.3__.wav,sadness
117,JVsample/aM6ufK0DiGU__144.1__159.0__.wav,sadness
118,JVsample/10IXdfbTA1k__379.3__398.4__.wav,sadness
119,JVsample/ha6JJW2FCbc__405.1__427.2__.wav,sadness
120,JVsample/9L1vWipkxGQ__149.8__166.3__.wav,sadness
121,JVsample/JgIJwyatkqk__741.6__761.6__.wav,sadness
122,JVsample/O3Q4wXUmkE8__288.0__293.8__.wav,sadness
123,JVsample/lw5mXPTw36I__667.3__683.8__.wav,sadness
124,JVsample/4YMRLh-9AGc__808.1__836.9__.wav,sadness
125,JVsample/6CTWDc4amzU__559.0__578.5__.wav,sadness
126,JVsample/UkR0diiaWgA__537.7__557.4__.wav,sadness
127,JVsample/yLDlXTttars__560.3__569.7__.wav,sadness
128,JVsample/a1cN7-Y29_g__488.1__505.3__.wav,sadness
129,JVsample/07debnHFUjI__396.1__413.1__.wav,sadness
130,JVsample/KjlatqYc8Q0__99.7__119.1__.wav,sadness
131,JVsample/0ugqou-c6is__451.1__468.7__.wav,sadness
132,JVsample/TY4ckrzw8J0__446.6__466.6__.wav,sadness
133,JVsample/RIM74lYTyQM__741.1__763.9__.wav,sadness
134,JVsample/tY4cUqemUzw__604.7__619.6__.wav,sadness
135,JVsample/fdadgzGzLVQ__213.3__229.3__.wav,sadness
136,JVsample/_o2gLkjP--c__510.9__520.9__.wav,sadness
137,JVsample/j5Vt1MfmQlI__767.1__784.6__.wav,sadness
138,JVsample/K_ZqMTXVbXE__790.6__808.7__.wav,sadness
139,JVsample/JgIJwyatkqk__576.6__595.6__.wav,sadness
140,JVsample/c5ygcUCiICU__941.7__959.1__.wav,sadness
141,JVsample/ccSFzVPNhog__26.9__44.9__.wav,sadness
142,JVsample/8zRTT8V7K4Y__28.5__45.9__.wav,sadness
143,JVsample/bGNsyXT3zmI__107.4__123.8__.wav,sadness
144,JVsample/0Lk-2EcEtGY__410.9__428.5__.wav,sadness
145,JVsample/TSEhhM1xQHU__590.6__601.9__.wav,sadness
146,JVsample/fjZFkyy5SZY__775.2__799.8__.wav,sadness
147,JVsample/KyFJbYsQUII__65.8__80.4__.wav,sadness
148,JVsample/Ho0YGH75r1U__137.5__147.9__.wav,sadness
149,JVsample/5glqwOFwQIk__693.5__711.9__.wav,sadness
150,JVsample/e3CmmHcztG4__635.3__652.1__.wav,sadness
151,JVsample/dQ8jEAflPeA__337.4__357.2__.wav,sadness
152,JVsample/GGs1QV0lgXM__964.8__979.8__.wav,sadness
153,JVsample/VV6MIgHRAzs__412.3__427.7__.wav,sadness
154,JVsample/Zb451xN_G98__711.0__726.3__.wav,sadness
155,JVsample/YFLcM5uGtj4__500.9__518.7__.wav,sadness
156,JVsample/YKAqDCyINz4__580.4__597.7__.wav,sadness
157,JVsample/ywTV5Sbgg7M__598.5__616.8__.wav,sadness
158,JVsample/g6EGinlsDfc__684.4__697.7__.wav,sadness
159,JVsample/R98zY2iVrKY__367.9__387.9__.wav,sadness
160,JVsample/mDqVKStqjto__463.2__472.0__.wav,sadness
161,JVsample/5glqwOFwQIk__244.5__260.0__.wav,sadness
162,JVsample/xqTmmJtFsaw__609.6__637.7__.wav,sadness
163,JVsample/yLDlXTttars__601.9__618.6__.wav,sadness
164,JVsample/Ymc8xpt52LE__474.6__494.5__.wav,sadness
165,JVsample/4Zhgmb89F9E__257.9__275.5__.wav,sadness
166,JVsample/flVyY3T-xt8__760.8__779.5__.wav,sadness
167,JVsample/a1cN7-Y29_g__539.7__559.4__.wav,sadness
168,JVsample/nMoa2IcwEZI__50.2__68.8__.wav,sadness
169,JVsample/ENLNNzwVRrk__41.5__53.7__.wav,sadness
170,JVsample/sCyVIqaYO3M__399.8__412.9__.wav,sadness
171,JVsample/2M67cGfKGMQ__676.1__693.8__.wav,sadness
172,JVsample/nMoa2IcwEZI__692.4__709.8__.wav,sadness
173,JVsample/Fr2-4tZXdPE__400.2__416.3__.wav,sadness
174,JVsample/ggDpDyETtfk__162.9__179.0__.wav,sadness
175,JVsample/dQ8jEAflPeA__185.5__202.4__.wav,sadness
176,JVsample/qPlOVQS0LyY__495.9__514.3__.wav,sadness
177,JVsample/aArKDRPpTxk__438.8__455.7__.wav,sadness
178,JVsample/LsaqDCjOVTk__237.2__255.9__.wav,sadness
179,JVsample/fOJCQXH8e7g__403.3__426.9__.wav,sadness
180,JVsample/F_Qt-sluUMM__368.7__377.0__.wav,sadness
181,JVsample/PJWn-tP7s-Q__458.2__473.9__.wav,sadness
182,JVsample/hCQAcyaZUiA__214.4__232.2__.wav,sadness
183,JVsample/ao2BlYF0sWo__365.7__383.0__.wav,sadness
184,JVsample/lw63fLS8ipg__945.0__955.2__.wav,sadness
185,JVsample/irDaK5dCQ0A__479.9__496.2__.wav,sadness
186,JVsample/52NPU5FxMlU__806.6__824.1__.wav,sadness
187,JVsample/SkB1bi7a7qM__236.8__256.4__.wav,sadness
188,JVsample/hVtoPrBkpv8__657.3__672.1__.wav,sadness
189,JVsample/OlbEzmGmryk__870.2__889.0__.wav,sadness
190,JVsample/9C36oF8xmQU__164.8__180.4__.wav,sadness
191,JVsample/vqSYmbPwbpk__793.1__812.5__.wav,sadness
192,JVsample/iJfEJ4J96AA__383.7__402.9__.wav,sadness
193,JVsample/ZwRGuIVh5XU__946.7__954.4__.wav,sadness
194,JVsample/MoDtqewe5ec__872.3__885.4__.wav,sadness
195,JVsample/yLDlXTttars__79.7__101.1__.wav,sadness
196,JVsample/CaIo4KK4iRs__334.4__347.1__.wav,sadness
197,JVsample/Ymc8xpt52LE__268.3__285.8__.wav,sadness
198,JVsample/YKAqDCyINz4__736.9__753.1__.wav,sadness
199,JVsample/B_IVP6Gem9o__409.0__425.3__.wav,sadness
200,JVsample/uhkvDjr02W4__955.9__975.8__.wav,sadness
201,JVsample/mrorhVPJjCg__854.6__860.9__.wav,sadness
202,JVsample/p4e36rwUaNI__389.7__407.8__.wav,sadness
203,JVsample/8szK0RCfaqc__538.7__556.8__.wav,sadness
204,JVsample/p6ldMzdVBq0__652.3__663.4__.wav,sadness
205,JVsample/KiPbVuaIvFQ__198.3__218.2__.wav,sadness
206,JVsample/umlLa_kFcjk__679.0__695.9__.wav,sadness
207,JVsample/Zb451xN_G98__834.4__849.7__.wav,sadness
208,JVsample/BQKFOc-XxPM__468.0__487.7__.wav,sadness
209,JVsample/HnjSk4RSNpA__483.4__499.0__.wav,sadness
210,JVsample/o26R8S4PGb0__811.0__827.8__.wav,sadness
211,JVsample/msBJmcs-flY__463.5__478.7__.wav,sadness
212,JVsample/g6EGinlsDfc__978.5__990.2__.wav,sadness
213,JVsample/EKCS2POQsBs__88.4__104.0__.wav,sadness
214,JVsample/iJfEJ4J96AA__402.9__421.9__.wav,sadness
215,JVsample/JXHgU81d2Cg__224.1__241.4__.wav,sadness
216,JVsample/8zRTT8V7K4Y__555.7__573.8__.wav,sadness
217,JVsample/8szK0RCfaqc__264.0__281.1__.wav,sadness
218,JVsample/irDaK5dCQ0A__154.0__171.2__.wav,sadness
219,JVsample/75kmHop4xIw__267.2__282.0__.wav,sadness
220,JVsample/c2P1XyTZXIY__468.8__487.7__.wav,sadness
221,JVsample/4bWk4aiDd2U__271.2__291.1__.wav,sadness
222,JVsample/XPpRccGmOiI__460.2__476.7__.wav,sadness
223,JVsample/xMMTHI49yew__311.8__335.0__.wav,sadness
224,JVsample/f8e7qXvl73c__331.3__350.1__.wav,sadness
225,JVsample/69DdnXDxdb8__430.6__459.3__.wav,sadness
226,JVsample/A-N-kXbh3f8__537.6__553.6__.wav,sadness
227,JVsample/uaRlRhbJByc__706.7__725.0__.wav,sadness
228,JVsample/0Xyx8E9o6O8__1053.1__1074.5__.wav,sadness
229,JVsample/PGxnCPcn5Ig__326.0__345.4__.wav,sadness
230,JVsample/9C36oF8xmQU__368.0__387.5__.wav,sadness
231,JVsample/PJWn-tP7s-Q__541.3__558.8__.wav,sadness
232,JVsample/IUIKV9XlWEM__843.9__857.6__.wav,sadness
233,JVsample/52NPU5FxMlU__645.8__663.7__.wav,sadness
234,JVsample/czzgbt_CtsQ__576.8__596.2__.wav,sadness
235,JVsample/e3CmmHcztG4__201.3__221.2__.wav,sadness
236,JVsample/9aTaL71pb0c__249.3__268.9__.wav,sadness
237,JVsample/b6PnID9A27Q__571.9__590.2__.wav,sadness
238,JVsample/Ho0YGH75r1U__767.8__786.9__.wav,sadness
239,JVsample/t09dCeWH85w__714.9__735.9__.wav,sadness
240,JVsample/e69_ca2ev1c__623.0__649.4__.wav,sadness
241,JVsample/oN9ANtPWBm8__114.3__131.1__.wav,sadness
242,JVsample/pM2a4dMj6os__725.1__731.6__.wav,sadness
243,JVsample/6eDiurG-cQM__295.4__313.1__.wav,sadness
244,JVsample/PfMQUA6hOpU__398.2__417.3__.wav,sadness
245,JVsample/xqTmmJtFsaw__500.6__520.0__.wav,sadness
246,JVsample/JXHgU81d2Cg__776.1__791.1__.wav,sadness
247,JVsample/pfb4yC88l9g__723.2__741.4__.wav,sadness
248,JVsample/W1BXjIr6nXI__451.3__470.9__.wav,sadness
249,JVsample/w5kJww1v6CE__702.9__721.8__.wav,sadness
250,JVsample/2QShGnPuVjQ__295.1__312.9__.wav,sadness
251,JVsample/p6ldMzdVBq0__121.7__140.3__.wav,sadness
252,JVsample/K_ZqMTXVbXE__1138.8__1156.7__.wav,sadness
253,JVsample/RhIl5hlPZAc__291.5__307.2__.wav,sadness
254,JVsample/lw5mXPTw36I__941.3__956.4__.wav,sadness
255,JVsample/p4e36rwUaNI__366.5__379.0__.wav,sadness
256,JVsample/lw5mXPTw36I__1059.5__1078.6__.wav,sadness
257,JVsample/2-F5yoHSn5k__937.2__954.6__.wav,sadness
258,JVsample/ZwRGuIVh5XU__196.6__212.8__.wav,sadness
259,JVsample/ddE3k9_KSsc__106.0__118.4__.wav,sadness
260,JVsample/lw5mXPTw36I__612.8__628.4__.wav,sadness
261,JVsample/gM0Hx4TM288__727.5__737.3__.wav,sadness
262,JVsample/Qw4cvVpWLzQ__918.7__938.3__.wav,sadness
263,JVsample/w70_GXPDf4U__62.1__76.1__.wav,sadness
264,JVsample/9C36oF8xmQU__42.0__61.3__.wav,sadness
265,JVsample/uCfMCM9fkmE__653.1__671.1__.wav,sadness
266,JVsample/ZWNOCfdy1ig__819.1__838.2__.wav,sadness
267,JVsample/69DdnXDxdb8__494.7__501.8__.wav,sadness
268,JVsample/17dV7tmiujM__678.3__692.4__.wav,sadness
269,JVsample/ha6JJW2FCbc__563.5__571.2__.wav,sadness
270,JVsample/6HbUHQLvrMM__839.4__855.8__.wav,sadness
271,JVsample/j5Vt1MfmQlI__944.7__956.0__.wav,sadness
272,JVsample/j6H61dJHYO0__538.5__555.4__.wav,sadness
273,JVsample/w5kJww1v6CE__380.4__400.2__.wav,sadness
274,JVsample/9aTaL71pb0c__418.4__438.1__.wav,sadness
275,JVsample/NLj0K62CaLA__496.0__501.9__.wav,sadness
276,JVsample/LgvNB8AZTOs__139.2__159.2__.wav,sadness
277,JVsample/a-nLJi4CB0k__192.6__204.5__.wav,sadness
278,JVsample/sR2ko2Ygg0U__691.0__706.8__.wav,sadness
279,JVsample/nMoa2IcwEZI__915.7__934.8__.wav,sadness
280,JVsample/sLy9nvZf1Zo__167.3__186.7__.wav,sadness
281,JVsample/e69_ca2ev1c__709.3__728.8__.wav,sadness
282,JVsample/fTfyE4ZdZqY__392.5__408.9__.wav,sadness
283,JVsample/a-nLJi4CB0k__279.2__291.4__.wav,sadness
284,JVsample/IKCr5ZeSMy0__390.3__409.4__.wav,sadness
285,JVsample/HnjSk4RSNpA__49.8__68.4__.wav,sadness
286,JVsample/I8vlPVGPyJI__837.7__857.4__.wav,sadness
287,JVsample/6eDiurG-cQM__408.5__422.0__.wav,sadness
288,JVsample/c5ygcUCiICU__685.1__704.4__.wav,sadness
289,JVsample/dQ8jEAflPeA__467.7__484.8__.wav,sadness
290,JVsample/07debnHFUjI__311.2__327.7__.wav,sadness
291,JVsample/K_ZqMTXVbXE__150.8__163.7__.wav,sadness
292,JVsample/XlkPlKXSHAM__420.1__438.5__.wav,sadness
293,JVsample/4YMRLh-9AGc__644.7__660.7__.wav,sadness
294,JVsample/uCfMCM9fkmE__893.1__903.4__.wav,sadness
295,JVsample/0Xyx8E9o6O8__210.2__228.3__.wav,sadness
296,JVsample/UkR0diiaWgA__734.0__752.5__.wav,sadness
297,JVsample/52NPU5FxMlU__732.0__751.1__.wav,sadness
298,JVsample/fTfyE4ZdZqY__608.0__621.7__.wav,sadness
299,JVsample/IKCr5ZeSMy0__639.8__656.8__.wav,sadness
300,JVsample/HAuS6aHu19M__164.5__183.3__.wav,sadness
301,JVsample/flVyY3T-xt8__649.7__662.7__.wav,sadness
302,JVsample/hVtoPrBkpv8__572.9__590.2__.wav,sadness
303,JVsample/yLDlXTttars__222.7__240.0__.wav,sadness
304,JVsample/YKAqDCyINz4__269.1__287.9__.wav,sadness
305,JVsample/o26R8S4PGb0__858.9__876.3__.wav,sadness
306,JVsample/NKchl4llX5o__462.4__481.7__.wav,sadness
307,JVsample/KiPbVuaIvFQ__665.6__685.6__.wav,sadness
308,JVsample/fOJCQXH8e7g__774.7__794.7__.wav,sadness
309,JVsample/uhkvDjr02W4__724.8__744.8__.wav,sadness
310,JVsample/w8P1RxMjnrE__952.4__966.9__.wav,sadness
311,JVsample/Ymc8xpt52LE__100.5__119.0__.wav,sadness
312,JVsample/c5ygcUCiICU__51.0__70.1__.wav,sadness
313,JVsample/aeRkPT2SE4g__847.0__861.4__.wav,sadness
314,JVsample/pM2a4dMj6os__731.6__754.0__.wav,sadness
315,JVsample/ngeI0bNwglQ__498.7__514.5__.wav,sadness
316,JVsample/W1BXjIr6nXI__343.0__361.7__.wav,sadness
317,JVsample/F6OWX1UX7dU__88.4__105.9__.wav,sadness
318,JVsample/neMVR553Ezc__546.0__555.5__.wav,sadness
319,JVsample/6cqb5lTIR04__966.2__981.1__.wav,sadness
320,JVsample/HaWyNyksQq4__912.9__931.9__.wav,sadness
321,JVsample/n4OsWcbu4zk__516.3__529.6__.wav,sadness
322,JVsample/PfMQUA6hOpU__126.0__145.7__.wav,sadness
323,JVsample/iJfEJ4J96AA__190.3__210.1__.wav,sadness
324,JVsample/I591Ls90qv4__252.2__271.9__.wav,sadness
325,JVsample/VV6MIgHRAzs__116.4__133.5__.wav,sadness
326,JVsample/K_ZqMTXVbXE__823.4__845.1__.wav,sadness
327,JVsample/o26R8S4PGb0__793.5__811.0__.wav,sadness
328,JVsample/5LzHOI1Jd5c__667.0__682.3__.wav,sadness
329,JVsample/XHKeG0bWglQ__475.7__497.1__.wav,sadness
330,JVsample/4bWk4aiDd2U__812.7__827.5__.wav,sadness
331,JVsample/bkqVQ-ZKEM8__84.4__104.4__.wav,sadness
332,JVsample/4Zhgmb89F9E__292.7__311.1__.wav,sadness
333,JVsample/kniB2tVanr0__539.6__558.9__.wav,sadness
334,JVsample/akVJcU0gZ7A__1014.9__1030.2__.wav,sadness
335,JVsample/EL1EhrM5HUg__670.5__689.9__.wav,sadness
336,JVsample/lw5mXPTw36I__555.2__575.2__.wav,sadness
337,JVsample/Vf3EDsfsPvo__396.2__414.4__.wav,sadness
338,JVsample/kkptysiNHTg__242.8__254.5__.wav,sadness
339,JVsample/Ymc8xpt52LE__605.1__622.4__.wav,sadness
340,JVsample/bGNsyXT3zmI__280.1__292.6__.wav,sadness
341,JVsample/LgvNB8AZTOs__102.4__120.8__.wav,sadness
342,JVsample/ha6JJW2FCbc__1023.0__1046.8__.wav,sadness
343,JVsample/8zRTT8V7K4Y__397.1__420.4__.wav,sadness
344,JVsample/Zb451xN_G98__801.1__820.6__.wav,sadness
345,JVsample/B_IVP6Gem9o__372.2__380.0__.wav,sadness
346,JVsample/umlLa_kFcjk__420.0__439.0__.wav,sadness
347,JVsample/QSHPRdTAsFo__110.6__127.7__.wav,sadness
348,JVsample/HnjSk4RSNpA__588.2__607.4__.wav,sadness
349,JVsample/ixmHgk7UvTg__1013.8__1041.9__.wav,sadness
350,JVsample/14AnXmxhHMc__814.6__830.9__.wav,sadness
351,JVsample/ZwRGuIVh5XU__181.6__196.6__.wav,sadness
352,JVsample/QSHPRdTAsFo__585.8__603.2__.wav,sadness
353,JVsample/JXHgU81d2Cg__274.5__294.6__.wav,sadness
354,JVsample/lKMA0UZrmEs__840.5__859.3__.wav,sadness
355,JVsample/sR2ko2Ygg0U__725.5__745.2__.wav,sadness
356,JVsample/52NPU5FxMlU__547.9__562.0__.wav,sadness
357,JVsample/NLj0K62CaLA__68.6__84.2__.wav,sadness
358,JVsample/2M67cGfKGMQ__99.1__116.8__.wav,sadness
359,JVsample/ZWNOCfdy1ig__405.8__419.4__.wav,sadness
360,JVsample/_ln8wv4k5OA__324.7__340.8__.wav,sadness
361,JVsample/52NPU5FxMlU__249.3__259.2__.wav,sadness
362,JVsample/flVyY3T-xt8__612.2__631.8__.wav,sadness
363,JVsample/DuYkB1M5k_c__443.0__458.5__.wav,sadness
364,JVsample/5glqwOFwQIk__208.3__218.7__.wav,sadness
365,JVsample/e69_ca2ev1c__180.7__199.8__.wav,sadness
366,JVsample/MhDTc3Wzzlg__1055.4__1073.4__.wav,sadness
367,JVsample/ciURrBncono__528.0__545.5__.wav,sadness
368,JVsample/OlbEzmGmryk__785.0__800.9__.wav,sadness
369,JVsample/aM5VuhQoxE0__334.6__354.3__.wav,sadness
370,JVsample/RIM74lYTyQM__779.6__795.5__.wav,sadness
371,JVsample/ccSFzVPNhog__289.5__309.0__.wav,sadness
372,JVsample/kniB2tVanr0__728.4__747.7__.wav,sadness
373,JVsample/vPtW7hLsH-4__488.5__499.2__.wav,sadness
374,JVsample/G5xfUbtKN4E__71.2__89.6__.wav,sadness
375,JVsample/kwuUdITRhDE__532.6__549.2__.wav,sadness
376,JVsample/94xe4ROOfAE__601.3__617.3__.wav,sadness
377,JVsample/asysEhjAiqA__666.3__682.8__.wav,sadness
378,JVsample/wjiuXZ9znzs__396.0__413.8__.wav,sadness
379,JVsample/naBXRuDpksM__55.8__68.4__.wav,sadness
380,JVsample/w70_GXPDf4U__11.2__28.0__.wav,sadness
381,JVsample/D_XM8QbKcM0__30.5__48.2__.wav,sadness
382,JVsample/kwuUdITRhDE__394.5__414.3__.wav,sadness
383,JVsample/KJ1Yz3s8tMI__12.3__31.5__.wav,sadness
384,JVsample/ngeI0bNwglQ__665.2__680.3__.wav,sadness
385,JVsample/xqTmmJtFsaw__295.0__313.2__.wav,sadness
386,JVsample/1NiIVR7Tycw__281.4__300.9__.wav,sadness
387,JVsample/pfb4yC88l9g__1024.3__1039.5__.wav,sadness
388,JVsample/4bWk4aiDd2U__503.0__512.5__.wav,sadness
389,JVsample/_7FIEkmUlAg__792.5__809.5__.wav,sadness
390,JVsample/RIM74lYTyQM__199.2__210.2__.wav,sadness
391,JVsample/NKchl4llX5o__444.8__462.4__.wav,sadness
392,JVsample/2QShGnPuVjQ__602.1__622.0__.wav,sadness
393,JVsample/HaWyNyksQq4__19.6__31.1__.wav,sadness
394,JVsample/I591Ls90qv4__100.8__119.9__.wav,sadness
395,JVsample/ccSFzVPNhog__117.2__135.5__.wav,sadness
396,JVsample/1MgwA_PameI__719.1__737.1__.wav,sadness
397,JVsample/SkB1bi7a7qM__799.8__818.7__.wav,sadness
398,JVsample/69DdnXDxdb8__155.9__167.2__.wav,sadness
399,JVsample/6cqb5lTIR04__816.1__826.6__.wav,sadness
400,JVsample/BaIzT_StgIM__237.9__255.8__.wav,sadness
401,JVsample/LjEj6rIJ-6w__318.4__335.4__.wav,sadness
402,JVsample/4YMRLh-9AGc__165.4__182.6__.wav,sadness
403,JVsample/Cbe9TCJVJnc__661.6__670.6__.wav,sadness
404,JVsample/MoDtqewe5ec__998.2__1016.5__.wav,sadness
405,JVsample/IUIKV9XlWEM__1103.4__1122.0__.wav,sadness
406,JVsample/_r2Tg7VL8oc__223.6__236.9__.wav,sadness
407,JVsample/uhkvDjr02W4__407.1__426.9__.wav,sadness
408,JVsample/p8YqI2w-r9Y__730.0__748.8__.wav,sadness
409,JVsample/ecQ06O823eM__821.4__840.7__.wav,sadness
410,JVsample/_7FIEkmUlAg__293.0__312.7__.wav,sadness
411,JVsample/ha6JJW2FCbc__387.4__405.1__.wav,sadness
412,JVsample/I8vlPVGPyJI__1054.1__1068.8__.wav,sadness
413,JVsample/ngeI0bNwglQ__44.0__60.9__.wav,sadness
414,JVsample/HnjSk4RSNpA__251.6__268.1__.wav,sadness
415,JVsample/SVF080zxu_w__49.9__69.2__.wav,sadness
416,JVsample/cet4qnMRN0s__132.9__158.1__.wav,sadness
417,JVsample/hCQAcyaZUiA__808.4__826.0__.wav,sadness
418,JVsample/lYGCObvpFsw__968.6__976.3__.wav,sadness
419,JVsample/RhIl5hlPZAc__85.7__103.7__.wav,sadness
420,JVsample/X-Ue0lVNdwo__1051.9__1065.6__.wav,sadness
421,JVsample/o26R8S4PGb0__151.9__170.7__.wav,sadness
422,JVsample/uhkvDjr02W4__589.5__608.8__.wav,sadness
423,JVsample/TkWijjj-TRk__528.3__546.3__.wav,sadness
424,JVsample/n4OsWcbu4zk__373.2__380.9__.wav,sadness
425,JVsample/gTtgkiYzYeA__497.6__510.4__.wav,sadness
426,JVsample/NKchl4llX5o__282.2__301.0__.wav,sadness
427,JVsample/c5ygcUCiICU__719.0__735.8__.wav,sadness
428,JVsample/W1BXjIr6nXI__589.2__607.1__.wav,sadness
429,JVsample/ZwRGuIVh5XU__31.4__49.1__.wav,sadness
430,JVsample/6Oc_ImVLrFE__675.4__687.4__.wav,sadness
431,JVsample/ywTV5Sbgg7M__44.5__64.5__.wav,sadness
432,JVsample/Zb451xN_G98__513.2__529.9__.wav,sadness
433,JVsample/D31cT52FKJw__374.0__388.5__.wav,sadness
434,JVsample/MoDtqewe5ec__885.4__905.4__.wav,sadness
435,JVsample/mrorhVPJjCg__18.0__36.0__.wav,sadness
436,JVsample/Q0D3sErl-_0__125.1__144.5__.wav,sadness
437,JVsample/_Z-SuXlzPBk__728.1__743.5__.wav,sadness
438,JVsample/gTtgkiYzYeA__777.6__788.1__.wav,sadness
439,JVsample/KiPbVuaIvFQ__1000.0__1020.0__.wav,sadness
440,JVsample/sCyVIqaYO3M__746.6__766.5__.wav,sadness
441,JVsample/_r2Tg7VL8oc__669.1__674.9__.wav,sadness
442,JVsample/F6OWX1UX7dU__702.4__719.7__.wav,sadness
443,JVsample/QKLSgTeOfA8__758.5__771.4__.wav,sadness
444,JVsample/ddE3k9_KSsc__171.4__187.9__.wav,sadness
445,JVsample/Wc0u08EJxsY__783.6__798.4__.wav,sadness
446,JVsample/1NiIVR7Tycw__191.2__206.4__.wav,sadness
447,JVsample/UkR0diiaWgA__594.0__609.5__.wav,sadness
448,JVsample/_ln8wv4k5OA__441.6__452.8__.wav,sadness
449,JVsample/bGNsyXT3zmI__825.6__842.8__.wav,sadness
450,JVsample/uCfMCM9fkmE__843.2__854.8__.wav,sadness
451,JVsample/R3rr2744rjA__777.9__796.0__.wav,sadness
452,JVsample/9aTaL71pb0c__747.0__758.4__.wav,sadness
453,JVsample/IUIKV9XlWEM__1272.0__1291.7__.wav,sadness
454,JVsample/j6H61dJHYO0__774.0__793.0__.wav,sadness
455,JVsample/6Oc_ImVLrFE__167.5__188.7__.wav,sadness
456,JVsample/dnL9TFfH8JA__329.0__353.4__.wav,sadness
457,JVsample/sR2ko2Ygg0U__271.1__294.0__.wav,sadness
458,JVsample/4Zhgmb89F9E__1369.0__1385.1__.wav,sadness
459,JVsample/cet4qnMRN0s__713.6__731.3__.wav,sadness
460,JVsample/0Xyx8E9o6O8__679.9__698.9__.wav,sadness
461,JVsample/fjZFkyy5SZY__166.7__184.2__.wav,sadness
462,JVsample/fjsiZkY4kMU__679.3__703.7__.wav,sadness
463,JVsample/sr0kR3NlTw4__416.8__436.3__.wav,sadness
464,JVsample/RhIl5hlPZAc__503.9__519.1__.wav,sadness
465,JVsample/d94l8e6sFNE__712.8__735.1__.wav,sadness
466,JVsample/ecQ06O823eM__540.7__558.2__.wav,sadness
467,JVsample/1MvUW1KxXTQ__707.1__725.9__.wav,sadness
468,JVsample/GjeswIjbJ7M__938.7__954.1__.wav,sadness
469,JVsample/iJfEJ4J96AA__609.6__622.8__.wav,sadness
470,JVsample/iJfEJ4J96AA__908.7__927.4__.wav,sadness
471,JVsample/L3zfUiexogQ__987.0__1006.5__.wav,sadness
472,JVsample/0Xyx8E9o6O8__400.3__425.7__.wav,sadness
473,JVsample/35nuTEFSub4__398.0__411.4__.wav,sadness
474,JVsample/lw5mXPTw36I__683.8__702.7__.wav,sadness
475,JVsample/j5Vt1MfmQlI__842.8__855.0__.wav,sadness
476,JVsample/1MvUW1KxXTQ__1201.6__1220.9__.wav,sadness
477,JVsample/69DdnXDxdb8__533.9__540.7__.wav,sadness
478,JVsample/9C36oF8xmQU__180.4__192.9__.wav,sadness
479,JVsample/SVF080zxu_w__863.4__876.3__.wav,sadness
480,JVsample/60AN_3hGxr4__710.4__728.0__.wav,sadness
481,JVsample/xAKv5HWlSCc__302.4__318.6__.wav,sadness
482,JVsample/9aTaL71pb0c__230.4__249.3__.wav,sadness
483,JVsample/b6PnID9A27Q__539.2__553.6__.wav,sadness
484,JVsample/4Zhgmb89F9E__1317.2__1333.4__.wav,sadness
485,JVsample/KyFJbYsQUII__669.9__685.4__.wav,sadness
486,JVsample/ywTV5Sbgg7M__102.6__120.0__.wav,sadness
487,JVsample/G5xfUbtKN4E__51.5__71.2__.wav,sadness
488,JVsample/QSHPRdTAsFo__451.0__468.1__.wav,sadness
489,JVsample/lYGCObvpFsw__789.5__800.2__.wav,sadness
490,JVsample/czzgbt_CtsQ__65.0__84.1__.wav,sadness
